delivery_id,customer_id,location,latitude,longitude,delivery_time_window_start,delivery_time_window_end,estimated_service_time,item_volume,item_weight,route_id,vehicle_id
D001,C101,"Central Plaza, 120 Market St",40.7128,-74.0060,08:30,10:30,20,1.2,45,RT-V01,V01
D002,C102,"Hudson Yards, 350 10th Ave",40.7538,-74.0021,09:00,11:00,25,2.1,85,RT-V01,V01
D003,C103,"Chelsea Square, 220 8th Ave",40.7445,-74.0001,10:00,12:00,15,0.8,30,RT-V01,V01
D004,C104,"Union Square, 45 E 14th St",40.7359,-73.9911,11:00,13:00,30,3.0,110,RT-V01,V01
D005,C105,"Gramercy Park, 110 E 20th St",40.7378,-73.9851,12:30,14:30,20,1.5,50,RT-V01,V01
D006,C106,"Flatiron, 175 5th Ave",40.7411,-73.9897,13:30,15:30,20,1.1,40,RT-V01,V01
D007,C107,"Kips Bay, 490 2nd Ave",40.7422,-73.9780,14:30,16:30,25,1.9,70,RT-V01,V01
D008,C108,"Murray Hill, 550 3rd Ave",40.7484,-73.9761,08:30,10:30,20,1.4,55,RT-V02,V02
D009,C109,"Midtown East, 750 3rd Ave",40.7535,-73.9720,09:30,11:30,30,2.8,105,RT-V02,V02
D010,C110,"Turtle Bay, 300 E 48th St",40.7530,-73.9680,10:30,12:30,15,0.9,35,RT-V02,V02
D011,C111,"Sutton Place, 400 E 56th St",40.7575,-73.9620,11:30,13:30,20,1.3,48,RT-V02,V02
D012,C112,"Upper East Side, 1200 Lexington",40.7730,-73.9580,13:00,15:00,25,2.2,80,RT-V02,V02
D013,C113,"Yorkville, 1600 York Ave",40.7760,-73.9490,14:30,16:30,20,1.0,42,RT-V02,V02
D014,C114,"Financial District, 85 Broad St",40.7042,-74.0110,08:30,10:30,25,2.0,75,RT-V03,V03
D015,C115,"Battery Park, 250 Vesey St",40.7140,-74.0150,09:30,11:30,20,1.6,60,RT-V03,V03
D016,C116,"Tribeca, 105 Hudson St",40.7190,-74.0090,10:30,12:30,30,2.9,115,RT-V03,V03
D017,C117,"SoHo, 450 Broadway",40.7210,-73.9990,12:00,14:00,20,1.1,45,RT-V03,V03
D018,C118,"NoHo, 650 Broadway",40.7260,-73.9940,13:30,15:30,20,1.4,52,RT-V03,V03
D019,C119,"East Village, 200 E 10th St",40.7290,-73.9840,14:30,16:30,25,1.7,68,RT-V03,V03
D020,C120,"Lower East Side, 100 Essex St",40.7180,-73.9880,15:30,17:00,15,0.7,25,RT-V03,V03
D021,C121,"Hell's Kitchen, 500 W 42nd St",40.7600,-73.9950,08:30,10:30,20,1.5,55,RT-V04,V04
D022,C122,"Upper West Side, 200 W 72nd St",40.7780,-73.9820,09:45,11:45,25,2.3,90,RT-V04,V04
D023,C123,"Lincoln Center, 150 W 65th St",40.7730,-73.9830,11:00,13:00,20,1.2,40,RT-V04,V04
D024,C124,"Manhattan Valley, 900 Amsterdam",40.8000,-73.9650,13:00,15:00,30,3.1,120,RT-V04,V04
D025,C125,"Morningside Heights, 116 Broadway",40.8080,-73.9630,14:30,16:30,20,1.3,46,RT-V04,V04
D026,C126,"Williamsburg, 200 Bedford Ave",40.7170,-73.9570,09:00,11:00,25,2.4,95,RT-V05,V05
D027,C127,"Greenpoint, 100 Manhattan Ave",40.7260,-73.9510,10:30,12:30,20,1.1,42,RT-V05,V05
D028,C128,"DUMBO, 55 Water St",40.7030,-73.9920,12:00,14:00,25,1.8,70,RT-V05,V05
D029,C129,"Downtown Brooklyn, 400 Fulton St",40.6910,-73.9870,13:30,15:30,20,1.4,50,RT-V05,V05
D030,C130,"Park Slope, 300 7th Ave",40.6720,-73.9790,14:45,16:45,25,2.0,78,RT-V05,V05
