return_id,customer_id,pickup_location,latitude,longitude,requested_pickup_window_start,requested_pickup_window_end,item_type,item_length,item_width,item_height,item_volume,item_weight,handling_requirement,priority,request_status
R001,C201,"West Village, 80 Perry St",40.7350,-74.0040,09:00,11:30,Damaged Sofa,2.2,0.9,0.9,1.78,65,2-Person,HIGH,PENDING
R002,C202,"Gramercy, 240 E 19th St",40.7365,-73.9840,11:00,13:30,Defective Dining Table,1.8,1.0,0.8,1.44,52,2-Person,MEDIUM,PENDING
R003,C203,"Midtown West, 310 W 49th St",40.7620,-73.9870,10:00,12:30,Return Recliner,1.1,0.9,1.1,1.09,40,1-Person,LOW,PENDING
R004,C204,"Upper East Side, 135 E 79th St",40.7750,-73.9570,13:30,16:00,Damaged Wardrobe,2.1,0.7,2.1,3.09,110,2-Person,HIGH,PENDING
R005,C205,"Financial District, 45 Wall St",40.7060,-74.0090,09:30,12:00,Return Bed Frame,2.0,1.6,0.5,1.60,58,2-Person,MEDIUM,PENDING
R006,C206,"Tribeca, 60 Beach St",40.7200,-74.0070,11:30,14:00,Defective Armchair,1.0,0.9,0.9,0.81,32,1-Person,LOW,PENDING
R007,C207,"Upper West Side, 320 Amsterdam Ave",40.7820,-73.9790,10:30,13:00,Damaged Bookshelf,1.2,0.4,2.0,0.96,45,2-Person,HIGH,PENDING
R008,C208,"Williamsburg, 150 N 6th St",40.7185,-73.9590,10:00,12:30,Excessively Heavy Sectional,3.2,1.2,1.0,3.84,280,2-Person,HIGH,PENDING
R009,C209,"Greenpoint, 80 Norman Ave",40.7280,-73.9520,11:30,14:00,Return Coffee Table,1.3,0.7,0.5,0.46,22,1-Person,LOW,PENDING
R010,C210,"Park Slope, 180 5th Ave",40.6760,-73.9810,14:00,16:30,Damaged TV Unit,1.6,0.5,0.7,0.56,38,1-Person,MEDIUM,PENDING
R011,C211,"Chelsea, 300 W 23rd St",40.7460,-73.9980,14:00,16:30,Defective Credenza,1.9,0.6,0.8,0.91,48,2-Person,MEDIUM,PENDING
R012,C212,"Harlem, 250 W 125th St",40.8090,-73.9500,15:30,17:30,Oversized Conference Table,4.2,1.8,0.9,6.80,190,2-Person,HIGH,PENDING
R013,C213,"East Village, 40 Avenue B",40.7230,-73.9820,13:00,15:30,Return Ottoman,0.8,0.8,0.5,0.32,18,1-Person,LOW,PENDING
R014,C214,"Kips Bay, 340 E 29th St",40.7415,-73.9770,12:00,14:30,Damaged Dresser,1.5,0.6,1.2,1.08,55,2-Person,HIGH,PENDING
R015,C215,"DUMBO, 20 Jay St",40.7040,-73.9870,13:00,15:30,Defective Desk,1.6,0.8,0.8,1.02,42,1-Person,MEDIUM,PENDING
